Category,ShowName,Price,Code,Available Size,No of Size,No of Color,review,Rating
Men,Skechers Slip-ins: Max Cushioning AF - Fortuitous,"
120.00
",220952,"
7.5
 
8.0
 
8.5
 
9.0
 
9.5
 
10.0
 
10.5
 
11.0
 
11.5
 
12.0
 
13.0
",11,,2,5
Men,Skechers Slip-ins: Max Cushioning AF - Game,"
120.00
",220347,"
7.5
 
8.0
 
8.5
 
9.0
 
9.5
",5,4,No,4.4
Men,Skechers Slip-ins: Max Cushioning Premier 2.0,"
110.00
",220839,"
7.0
 
7.5
 
8.0
 
8.5
 
9.0
 
9.5
 
10.0
 
10.5
 
11.0
 
11.5
 
12.0
 
13.0
",12,1,2,4.7
Men,Skechers Slip-ins: Max Cushioning Premier,"
110.00
",220313,"
7.5
 
8.0
 
8.5
 
9.0
 
9.5
 
10.0
 
10.5
 
11.0
 
11.5
 
12.0
 
13.0
",11,4,184,4.3
Men,Skechers Slip-ins: Max Cushioning - Advantageous,"
110.00
",220389,"
7.5
 
8.0
 
8.5
 
9.0
 
9.5
 
10.0
 
10.5
 
11.0
 
11.5
 
12.0
 
13.0
",11,3,496,3.1
Men,Skechers Slip-ins: GR Swirl Tech Speed - Surpass,"
125.00
",220909,"
7.0
 
7.5
 
8.0
 
8.5
 
9.0
 
9.5
 
10.0
 
10.5
 
11.0
 
11.5
 
12.0
 
13.0
",12,2,0,4.1
Men,Skechers Slip-ins: Arch Fit 2.0 - Look Ahead,"
105.00
",232462,"
7.5
 
8.0
 
8.5
 
9.0
 
9.5
 
10.0
 
10.5
 
11.0
 
11.5
 
12.0
 
13.0
 
14.0
",12,4,42,3.1
Men,Skechers Slip-ins: Arch Fit 2.0 - Grand Select 2,"
100.00
",216601,"
8.5
 
9.0
 
9.5
 
10.0
 
10.5
 
11.0
 
11.5
 
12.0
 
13.0
",9,2,34,5
Men,Skechers Slip-ins: GO WALK Arch Fit - Simplicity,"
100.00
",216258,"
7.5
 
8.0
 
8.5
 
9.0
 
9.5
 
10.0
 
10.5
 
11.0
 
12.0
 
13.0
",10,1,195,3.7
Men,Skechers Slip-ins: GO WALK Arch Fit - Hands Free,"
100.00
",216259,"
7.5
 
8.0
 
8.5
 
9.5
 
10.0
 
10.5
 
11.0
 
11.5
 
12.0
 
13.0
",10,1,167,4.2
Men,Skechers Slip-ins: Arch Fit 2.0 - Simplicity 2,"
100.00
",216602,"
7.0
 
7.5
 
8.0
 
8.5
 
9.0
 
9.5
 
10.0
 
10.5
 
11.0
 
11.5
 
12.0
 
13.0
 
14.0
",13,1,0,4.2
Men,Skechers Slip-ins: GO WALK AF 2.0 - Hands Free 2,"
95.00
",216600,"
8.0
 
8.5
 
9.0
 
9.5
 
10.0
 
10.5
 
11.0
 
12.0
",8,2,0,3.2
Men,Skechers Slip-ins RF: Slade - Ocon,"
80.00
",210811,"
7.5
 
8.0
 
8.5
 
9.5
 
10.0
",5,2,1,5
Men,Skechers Slip-ins RF: Garner - Newick,"
80.00
",210803,"
7.0
 
7.5
 
8.0
 
8.5
 
9.5
 
10.5
 
11.5
 
12.0
",8,2,19,4.5
Men,Skechers Slip-ins Relaxed Fit: Parson - Oswin,"
95.00
",204866,"
7.5
 
8.0
 
8.5
 
9.0
 
9.5
 
10.0
 
11.0
 
12.0
 
13.0
",9,1,324,4.1
Men,Skechers Slip-ins RF: Respected - Elgin,"
100.00
",204810,"
7.0
 
8.0
 
9.0
 
9.5
 
10.0
 
10.5
 
11.0
 
11.5
 
12.0
 
13.0
 
14.0
",11,1,105,5
Men,Skechers Slip-ins RF: Craster - Lanigan,"
100.00
",204847,"
7.5
",1,1,30,4.9
Men,Skechers Slip-ins RF: Knowlson - Shore Thing,"
100.00
",205188,"
7.5
 
8.0
 
8.5
",3,2,0,4.5
Men,Skechers Slip-ins Relaxed Fit: Knowlson - Kantel,"
95.00
",205073,"
7.5
 
8.0
 
8.5
",3,1,3,5
Men,Skechers Slip-ins MN: Casual Glide Cell - Garret,"
125.00
",205082,"
7.5
 
8.0
 
8.5
 
9.0
 
9.5
 
10.0
 
10.5
 
11.0
",8,2,5,4.2
Men,Skechers Slip-ins MN: Casual Glide Cell - Gable,"
125.00
",205074,"
7.5
 
8.0
 
8.5
 
9.0
 
9.5
 
10.0
 
10.5
 
11.0
 
12.0
 
13.0
",10,1,9,3.9
Men,Skechers Slip-ins MN: Casual Glide Cell - Abbott,"
125.00
",205059,"
7.5
 
8.0
 
8.5
",3,3,13,3.2
Men,Skechers Slip-ins MN: Casual Glide Cell - Waylen,"
115.00
",205056,"
8.0
 
8.5
 
9.0
 
9.5
 
10.0
 
10.5
 
11.0
 
11.5
 
12.0
 
13.0
",10,2,1,4.5
Men,Skechers Slip-ins: Delson 3.0 - Roth,"
85.00
",210606,"
8.0
 
8.5
 
9.0
 
10.0
 
10.5
 
11.0
 
11.5
 
12.0
 
14.0
",9,4,118,4.2
Women,Premium Leather Slip-ins Snoop One - OG,"
125.00
",186001,6.5,1,1,0,3.7
Women,Skechers Slip-ins: Bobs Sport Squad Chaos,"
70.00
",117500,"
9.0
 
9.5
 
10.0
 
11.0
",4,3,304,5
Women,Skechers Slip-ins: Bobs Sport Squad Chaos,"
70.00
",117504,"
6.0
 
11.0
",2,2,1,4.9
Women,Skechers Slip-ins: Ultra Flex 3.0 - Brilliant,"
90.00
",149710,"
5.0
 
6.0
 
6.5
 
7.0
 
7.5
 
8.0
 
8.5
 
9.0
 
9.5
 
10.0
",10,4,966,4.8
Women,Skechers Slip-ins: Ultra Flex 3.0,"
95.00
",150174,"
6.5
 
7.0
 
7.5
 
8.0
 
8.5
 
9.0
 
9.5
 
10.0
 
11.0
",9,1,12,5
Women,Skechers Slip-ins: Ultra Flex 3.0 - New Energy,"
90.00
",150182,"
5.0
 
6.0
 
6.5
 
7.0
 
7.5
 
8.0
 
8.5
 
9.0
 
9.5
 
10.0
 
11.0
",11,1,0,4.4
Women,Skechers Slip-ins: Ultra Flex 3.0 - Smooth Step,"
90.00
",149709,"
6.0
 
6.5
 
7.0
 
7.5
 
8.0
 
8.5
 
9.0
 
9.5
 
10.0
 
11.0
",10,4,501,4.6
Women,Skechers Slip-ins: Ultra Flex 3.0 - Cozy Streak,"
90.00
",149708,"
5.0
 
6.0
 
6.5
 
7.0
 
7.5
 
8.0
 
8.5
 
9.0
 
9.5
 
10.0
 
11.0
",11,2,211,5
Women,Martha Stewart x Skechers Slip-ins: Ultra Flex 3,"
90.00
",149808,"
5.5
 
6.0
 
6.5
 
7.0
 
7.5
 
8.0
 
8.5
",7,4,12,3.5
Women,Skechers Slip-ins: Summits - Dazzling Haze,"
75.00
",149937,"
5.5
 
6.0
 
6.5
 
7.0
 
7.5
 
8.0
 
8.5
 
9.0
 
9.5
 
11.0
",10,3,948,5
Women,Skechers Slip-ins: Summits - Diamond Dream,"
75.00
",150123,"
5.0
 
5.5
 
6.0
 
6.5
 
7.0
 
7.5
 
8.0
 
8.5
 
9.0
 
10.0
",10,1,20,4.3
Women,Martha Stewart Skechers Slip-ins: Ultra Flex 3.0,"
90.00
",158911,"
5.5
 
6.0
 
6.5
 
7.0
 
7.5
 
8.0
 
8.5
 
9.0
 
9.5
 
10.0
",10,2,No,5
Women,Skechers Slip-ins: GO WALK Flex - Relish,"
75.00
",124963,"
5.0
 
5.5
 
6.0
 
6.5
 
7.0
 
7.5
 
8.0
 
8.5
 
9.0
 
9.5
 
10.0
 
11.0
 
12.0
",13,4,550,3.8
Women,Skechers Slip-ins: GO WALK Flex - Dacey,"
75.00
",124835,"
6.0
 
6.5
 
7.5
",3,1,0,3.9
Women,Skechers Slip-ins: GO WALK Flex - Grand Entry,"
75.00
",124836,"
5.5
 
6.0
 
6.5
 
7.0
 
7.5
 
8.0
 
8.5
 
9.0
 
9.5
 
10.0
 
11.0
",11,5,8,4.8
Women,Skechers Slip-ins: GO WALK 7 - Daley,"
85.00
",125228,"
5.5
 
6.0
 
6.5
 
7.0
 
7.5
 
8.0
 
8.5
 
9.0
 
9.5
 
10.0
",10,2,0,5
Women,Skechers Slip-ins: GO WALK 7 - City Lights,"
95.00
",125222,"
6.0
 
6.5
 
7.0
 
7.5
 
8.0
 
8.5
 
9.0
 
9.5
 
10.0
",9,2,1,5
Women,Skechers Slip-ins: GO WALK 7 - Springtime,"
95.00
",125219,"
5.0
 
5.5
 
6.0
 
6.5
 
7.0
 
7.5
 
8.0
 
8.5
 
9.0
 
9.5
 
10.0
 
11.0
",12,2,0,3.6
Women,GO WALK 7 - Razi,"
80.00
",125209,"
5.5
 
6.0
 
6.5
 
7.0
 
7.5
 
8.0
 
8.5
 
9.0
 
9.5
 
10.0
 
11.0
",11,3,0,5
Women,GO WALK 7 - Blink,"
90.00
",125234,"
6.0
 
6.5
 
7.0
 
7.5
 
8.0
 
8.5
 
9.0
 
9.5
 
10.0
 
11.0
",10,2,0,3.3
Women,Skechers Slip-ins: GO WALK 6 - Valentina,"
95.00
",124566,"
6.0
 
6.5
 
7.0
 
7.5
 
8.0
 
8.5
 
9.0
 
9.5
 
10.0
 
11.0
",10,1,114,5
Women,Skechers Slip-ins: GO WALK 6 - Fabulous View,"
95.00
",124569,"
5.0
 
6.0
 
6.5
 
7.0
 
7.5
 
8.0
 
8.5
 
9.0
 
9.5
 
10.0
 
11.0
",11,2,309,4.3
Women,Skechers Slip-ins: GO WALK 6 - Lovely Day,"
95.00
",124568,"
5.0
 
5.5
 
6.0
 
6.5
 
7.0
 
7.5
",6,1,111,4.7
Women,Skechers Slip-ins: GO WALK Travel - Tahiti Sunset,"
80.00
",124799,"
5.5
 
6.0
 
6.5
 
7.0
 
7.5
 
8.0
 
8.5
 
9.0
 
9.5
 
10.0
 
11.0
",11,1,0,5
Men,Nike Air Force 1 '07,11495,FZ5052-131,UK 6 (EU 40) UK 6.5 UK 7 UK 7.5 UK 8 UK 8.5 UK 9 UK 9.5 UK 10 UK 10.5 UK 11 UK 11.5 UK 12,13,4,0,0
Men,NikeCourt Legacy Suede,5995,DH0956-002,UK 6 (EU 40) UK 6.5 UK 7 UK 7.5 UK 8 UK 8.5 UK 9 UK 9.5 UK 10 UK 10.5 UK 11 UK 11.5 UK 12,13,4,3,4.7
Men,Nike Air Force 1 '07,7495,CW2288-111,UK 5.5 UK 6 (EU 39) UK 6 (EU 40) UK 6.5 UK 7 UK 7.5 UK 8 UK 8.5 UK 9 UK 9.5 UK 10 UK 10.5 UK 11 UK 11.5 UK 12 UK 13 UK 14 UK 15 UK 16 UK 17,20,2,1322,4.8
Men,Jordan Stadium 90,12795,HF5258-102,UK 6 (EU 40) UK 6.5 UK 7 UK 7.5 UK 8 UK 8.5 UK 9 UK 9.5 UK 10 UK 10.5 UK 11 UK 12,12,3,0,0
Men,Nike Blazer Low '77 Vintage,7195,DA6364-110,UK 6 (EU 40) UK 6.5 UK 7 UK 7.5 UK 8 UK 8.5 UK 9 UK 9.5 UK 10 UK 10.5 UK 11 UK 11.5 UK 12,13,5,96,4.4
Men,Nike Waffle Debut,7095,FJ4195-100,UK 6 (EU 40) UK 6.5 UK 7 UK 7.5 UK 8 UK 8.5 UK 9 UK 9.5 UK 10 UK 10.5 UK 11 UK 11.5 UK 12,13,2,0,0
Men,Nike Killshot 2 Leather,7995,432997-111,UK 6 (EU 40) UK 6.5 UK 7 UK 7.5 UK 8 UK 8.5 UK 9 UK 9.5 UK 10 UK 10.5 UK 11 UK 11.5 UK 12,13,5,72,4.6
Men,Nike SB Force 58 Premium,7095,DH7505-101,UK 3.5 UK 4 UK 4.5 UK 5 UK 5.5 UK 6 (EU 39) UK 6 (EU 40) UK 6.5 UK 7 UK 7.5 UK 8 UK 8.5 UK 9 UK 9.5 UK 10 UK 10.5 UK 11 UK 12,18,3,33,4.2
Men,Nike Air Force 1 '07 LV8,10795,FJ4170-002,UK 6 (EU 40) UK 6.5 UK 7 UK 7.5 UK 8 UK 8.5 UK 9 UK 9.5 UK 10 UK 10.5 UK 11 UK 11.5 UK 12,13,4,0,0
Men,Nike Air Max 90 GORE-TEX,14995,FD5810-002,UK 6 (EU 40) UK 6.5 UK 7 UK 7.5 UK 8 UK 8.5 UK 9 UK 9.5 UK 10 UK 10.5 UK 11 UK 11.5 UK 12,13,4,12,4.3
Men,Nike Air Force 1 '07,11895,FZ4627-400,UK 6 (EU 40) UK 6.5 UK 7 UK 7.5 UK 8 UK 8.5 UK 9 UK 9.5 UK 10 UK 10.5 UK 11 UK 11.5 UK 12,13,2,0,0
Men,Nike Air Max Excee,8695,FQ8738-010,UK 6 (EU 40) UK 6.5 UK 7 UK 7.5 UK 8 UK 8.5 UK 9 UK 9.5 UK 10 UK 10.5 UK 11 UK 11.5 UK 12,13,3,0,0
Men,Nike Air Huarache Runner,12795,DZ3306-400,UK 6 (EU 40) UK 6.5 UK 7 UK 7.5 UK 8 UK 8.5 UK 9 UK 9.5 UK 10 UK 10.5 UK 11 UK 11.5 UK 12,13,6,28,4.8
Men,Nike SB Zoom Blazer Low Pro GT,6795,DC7695-403,UK 6 (EU 40) UK 6.5 UK 7 UK 7.5 UK 8 UK 8.5 UK 9 UK 9.5 UK 10 UK 10.5 UK 11 UK 12,12,4,19,4.9
Men,Nike Air Max 270,13995,AH8050-107,UK 6 (EU 40) UK 6.5 UK 7 UK 7.5 UK 8 UK 8.5 UK 9 UK 9.5 UK 10 UK 10.5 UK 11 UK 12,12,8,780,4.5
Men,Nike Air Max 90,11895,FB9658-400,UK 6 (EU 40) UK 6.5 UK 7 UK 7.5 UK 8 UK 8.5 UK 9 UK 9.5 UK 10 UK 10.5 UK 11 UK 11.5 UK 12,13,2,8,4.9
Men,Air Jordan Legacy 312 Low,12995,CD7069-106,UK 6 (EU 40) UK 6.5 UK 7 UK 7.5 UK 8 UK 8.5 UK 9 UK 9.5 UK 10 UK 10.5 UK 11 UK 12,12,6,37,4.8
Men,Air Jordan 1 Mid,11495,DQ8426-006,UK 6 (EU 40) UK 6.5 UK 7 UK 7.5 UK 8 UK 8.5 UK 9 UK 9.5 UK 10 UK 10.5 UK 11 UK 11.5 UK 12,13,7,448,4.9
Men,Nike Court Vision Low,4995,CD5463-102,UK 6 (EU 40) UK 6.5 UK 7 UK 7.5 UK 8 UK 8.5 UK 9 UK 9.5 UK 10 UK 10.5 UK 11 UK 11.5 UK 12,13,2,186,4.7
Men,Nike Court Vision Low,5695,FQ8075-133,UK 5.5 UK 6 (EU 39) UK 6 (EU 40) UK 6.5 UK 7 UK 7.5 UK 8 UK 8.5 UK 9 UK 9.5 UK 10 UK 10.5 UK 11 UK 11.5 UK 12 UK 13 UK 14,17,4,0,0
Men,Nike Dunk Low,8695,FQ8080-133,,1,4,39,4.2
Men,Nike Court Vision Low Next Nature,4995,DH2987-001,UK 6 (EU 40) UK 6.5 UK 7 UK 7.5 UK 8 UK 8.5 UK 9 UK 9.5 UK 10 UK 10.5 UK 11 UK 11.5 UK 12,13,7,110,4.7
Men,Nike Revolution 7,3695,FB8501-100,UK 6 (EU 40) UK 6.5 UK 7 UK 7.5 UK 8 UK 8.5 UK 9 UK 9.5 UK 10 UK 10.5 UK 11 UK 12,12,4,3,3
Men,Jumpman MVP,15295,DZ4475-041,UK 6 (EU 40) UK 6.5 UK 7 UK 7.5 UK 8 UK 8.5 UK 9 UK 9.5 UK 10 UK 10.5 UK 11 UK 11.5 UK 12 UK 13 UK 14,15,2,111,4.9
Women,Nike Air Force 1 '07 EasyOn,9695,DX5883-100,UK 2.5 UK 3 UK 3.5 UK 4 UK 4.5 UK 5 UK 5.5 UK 6 UK 6.5 UK 7 UK 7.5 UK 8.5,12,3,119,4.6
Women,Nike Air Force 1 '07,8195,DD8959-600,UK 2.5 UK 3 UK 3.5 UK 4 UK 4.5 UK 5 UK 5.5 UK 6 UK 6.5 UK 7 UK 7.5,11,7,883,4.7
Women,Nike Air Force 1 Shadow,11895,DZ1847-104,UK 2.5 UK 3 UK 3.5 UK 4 UK 4.5 UK 5 UK 5.5 UK 6 UK 6.5 UK 7 UK 7.5,11,2,5,5
Women,Nike Air Force 1 '07 LX,11895,FZ5066-111,UK 2.5 UK 3 UK 3.5 UK 4 UK 4.5 UK 5 UK 5.5 UK 6 UK 6.5 UK 7 UK 7.5,11,4,0,0
Women,Nike Air Force 1 Shadow,9295,DO7449-111,UK 2.5 UK 3 UK 3.5 UK 4 UK 4.5 UK 5 UK 5.5 UK 6 UK 6.5 UK 7 UK 7.5,11,4,0,0
Women,NikeCourt Legacy Next Nature,5695,DH3161-108,UK 2.5 UK 3 UK 3.5 UK 4 UK 4.5 UK 5 UK 5.5 UK 6 UK 6.5 UK 7 UK 7.5,11,6,110,4.2
Women,Nike Blazer Low Platform,8195,DJ0292-113,UK 3 UK 3.5 UK 4 UK 4.5 UK 5 UK 5.5 UK 6 UK 6.5 UK 7,9,5,174,4.5
Women,Nike Air Force 1 '07,9695,FZ3597-133,UK 2.5 UK 3 UK 3.5 UK 4 UK 4.5 UK 5 UK 5.5 UK 6 UK 6.5 UK 7 UK 7.5,11,3,0,0
Women,Nike Killshot 2,8595,FZ5630-102,UK 2.5 UK 3 UK 3.5 UK 4 UK 4.5 UK 5 UK 5.5 UK 6 UK 6.5 UK 7,10,2,1,5
Women,Nike Air Max 90,11895,FZ5163-133,UK 3 UK 3.5 UK 4 UK 4.5 UK 5 UK 5.5 UK 6 UK 6.5 UK 7,9,4,0,0
Women,Nike Air Force 1 '07 EasyOn,9695,DX5883-100,UK 2.5 UK 3 UK 3.5 UK 4 UK 4.5 UK 5 UK 5.5 UK 6 UK 6.5 UK 7 UK 7.5 UK 8.5,12,3,119,4.6
Women,Nike Air Force 1 '07,8195,DD8959-600,UK 2.5 UK 3 UK 3.5 UK 4 UK 4.5 UK 5 UK 5.5 UK 6 UK 6.5 UK 7 UK 7.5,11,7,883,4.7
Women,Nike Air Force 1 Shadow,11895,DZ1847-104,UK 2.5 UK 3 UK 3.5 UK 4 UK 4.5 UK 5 UK 5.5 UK 6 UK 6.5 UK 7 UK 7.5,11,2,5,5
Women,Nike Air Force 1 '07 LX,11895,FZ5066-111,,1,4,0,0
Women,Nike Air Force 1 Shadow,9295,DO7449-111,UK 2.5 UK 3 UK 3.5 UK 4 UK 4.5 UK 5 UK 5.5 UK 6 UK 6.5 UK 7 UK 7.5,11,4,0,0
Women,NikeCourt Legacy Next Nature,5695,DH3161-108,UK 2.5 UK 3 UK 3.5 UK 4 UK 4.5 UK 5 UK 5.5 UK 6 UK 6.5 UK 7 UK 7.5,11,6,110,4.2
Women,Nike Blazer Low Platform,8195,DJ0292-113,UK 3 UK 3.5 UK 4 UK 4.5 UK 5 UK 5.5 UK 6 UK 6.5 UK 7,9,5,174,4.5
Women,Nike Air Force 1 '07,9695,FZ3597-133,UK 2.5 UK 3 UK 3.5 UK 4 UK 4.5 UK 5 UK 5.5 UK 6 UK 6.5 UK 7 UK 7.5,11,3,0,0
Women,Nike Killshot 2,8595,FZ5630-102,UK 2.5 UK 3 UK 3.5 UK 4 UK 4.5 UK 5 UK 5.5 UK 6 UK 6.5 UK 7,10,2,1,5
Women,Nike Air Max 90,11895,FZ5163-133,UK 3 UK 3.5 UK 4 UK 4.5 UK 5 UK 5.5 UK 6 UK 6.5 UK 7,9,4,0,0
Women,Nike Air Max Plus,15995,DZ3670-001,UK 3 UK 3.5 UK 4 UK 4.5 UK 5 UK 5.5 UK 6 UK 6.5 UK 7,9,4,2,4.5
Women,Nike Cortez,7495,DN1791-105,UK 2.5 UK 3 UK 3.5 UK 4 UK 4.5 UK 5 UK 5.5 UK 6 UK 6.5 UK 7 UK 7.5,11,5,39,4.4
Women,Nike Air Max SYSTM,8595,DZ1637-103,UK 3 UK 3.5 UK 4 UK 4.5 UK 5 UK 5.5 UK 6 UK 6.5 UK 7,9,5,1,4
Women,Nike Air Force 1 '07 NN,9695,DV3808-001,UK 2.5 UK 3 UK 3.5 UK 4 UK 4.5 UK 5 UK 5.5 UK 6 UK 6.5 UK 7 UK 7.5,11,2,13,4.9
Men,MELO x DEXTER'S LAB MB.03 Men's Basketball Shoes,135.00,379330_01,7 7.5 8 8.5 9 9.5 10 10.5 11 11.5 12 13 14 15 16,15,1,3,3.335
Men,Suede Classic XXI Sneakers,75.00,374915_01,4 4.5 5 5.5 6 7 7.5 8 8.5 9 9.5 10 10.5 11 11.5 12 13 14,18,9,446,4.04
Men,Suede Classic XXI Sneakers,75.00,374915_02,4 4.5 5 5.5 6 7 7.5 8 8.5 9 9.5 10 10.5 11 11.5 12 13 14,18,9,446,4.04
Men,Suede Classic XXI Sneakers,75.00,374915_12,4 4.5 7 7.5 8 8.5 9 9.5 10 10.5 11 11.5 12 13 14,15,9,446,4.04
Men,Suede Classic XXI Sneakers,75.00,374915_04,4 4.5 5 5.5 6 7 7.5 8 8.5 9 9.5 10 10.5 11 11.5 12 13 14,18,9,446,4.04
Men,Suede Classic XXI Sneakers,75.00,374915_07,4 4.5 5 5.5 6 7 7.5 8 8.5 9 9.5 10 10.5 11 11.5 12 13 14,18,9,446,4.04
Men,Suede Classic XXI Sneakers,75.00,374915_06,4 4.5 5 5.5 6 7 7.5 8 8.5 9 9.5 10 10.5 11 11.5 12 13 14,18,9,446,4.04
Men,PUMA x LAMELO BALL MB.01 Lo Men's Basketball Shoes,115.00,376941_07,,1,3,39,3.97
Men,Scoot Zeros Georgia Peach Men's Basketball Shoes,100.00,379908_07,7 7.5 8 8.5 9 9.5 10 10.5 11 11.5 12 13 14 15 16,15,1,1,5
Men,Suede Classic XXI Sneakers,75.00,374915_05,4 4.5 5 5.5 6 6.5 7 7.5 8 8.5 9 9.5 10 10.5 11 11.5 12 13 14,19,9,446,4.04
Men,Classics French Terry Logo Men's Hoodie,60.00,670846_11,XS S M L XL XXL 3XL 4XL,8,3,1,0
Men,Classics French Terry Logo Men's Hoodie,60.00,670846_03,XS S M L XL XXL 3XL 4XL,8,3,1,0
Men,Classics French Terry Logo Men's Hoodie,60.00,670846_01,XS S M L XL XXL 3XL 4XL,8,3,1,0
Men,FENTY x PUMA Creeper Phatty Men's Sneakers,140.00,396403_01,7 7.5 8 8.5 9 9.5 10 10.5 11 11.5 12 13 14,13,3,4,5
Men,Chivas Men's Soccer '24 Alternative Kit Jersey,140.00,705977_01,S M L XL XXL,5,1,0,0
Men,Classics Logo Men's Tee,30.00,533253_02,XS S M L XL XXL 3XL 4XL,8,6,5,0
Men,PUMA x SPARCO Future Cat OG Driving Shoes,100.00,307936_01,4.5 5 5.5 6 6.5 7 7.5 8 8.5 9 9.5 10 10.5 11 11.5 12 13 14,18,2,20,4.705
Men,Chivas Men's Soccer '24 Alternative Kit Replica Jersey,95.00,763519_01,S M L XL,4,1,0,0
Men,Classics Logo Men's Tee,30.00,533253_01,XS S M L XL XXL 3XL 4XL,8,6,5,0
Men,FENTY x PUMA Creeper Phatty Men's Sneakers,140.00,396403_03,7 7.5 8 8.5 9 9.5 10 10.5 11 11.5 12 13 14,13,3,4,5
Men,SCUDERIA FERRARI x JOSHUA VIDES Suede Men's Sneakers,100.00,307999_01,4 4.5 5 5.5 6 6.5 7 7.5 8 8.5 9 9.5 10 10.5 11 11.5 12 13 14,19,1,0,0
Men,FENTY x PUMA Creeper Phatty Men's Sneakers,140.00,396403_02,7 7.5 8 8.5 9 9.5 10 10.5 11 11.5 12 13 14,13,3,4,5
Men,Borussia Dortmund 23/24 Away Men's Jersey,95.00,770612_02,XS S M L XL XXL 3XL,7,1,0,0
Men,Basket Classic XXI Men's Sneakers,75.00,374923_01,4 4.5 5 5.5 6 6.5 7 7.5 8 8.5 9 9.5 10 10.5 11 11.5 12 13 14,19,5,44,3.375
Women,Suede Classic XXI Sneakers,75.00,374915_02,5.5 6 6.5 7 7.5 8.5 9 9.5 10 10.5 11 11.5 12 12.5 13 13.5 14.5 15.5,18,9,446,4.04
Women,Speedcat OG + Sparco Driving Shoes,100.00,307171_04,6 6.5 7 7.5 8 8.5 9 9.5 10 10.5 11 11.5 12 12.5 13 13.5 14.5 15.5,18,4,84,4.625
Women,Speedcat Shield SD Driving Shoes,90.00,387272_05,5.5 6 6.5 7 7.5 8 8.5 9 9.5 10 10.5 11 11.5 12 12.5 13 13.5 15,18,2,69,4.67
Women,Cali Wedge Women's Sneakers,90.00,373438_01,5.5 6 6.5 7 7.5 8 8.5 9 9.5 10 10.5 11,12,2,107,4.655
Women,FENTY x PUMA Creeper Phatty Women's Sneakers,140.00,399332_01,5.5 6 6.5 7 7.5 8 8.5 9 9.5 10 10.5 11,12,3,18,4.065
Women,FENTY x PUMA Creeper Phatty Women's Sneakers,140.00,399332_03,5.5 6 6.5 7 7.5 8 8.5 9 9.5 10 10.5 11,12,3,18,4.065
Women,FENTY x PUMA Creeper Phatty Women's Sneakers,140.00,399332_02,5.5 6 6.5 7 7.5 8 8.5 9 9.5 10 10.5 11,12,3,18,4.065
Women,Suede Classic XXI Sneakers,75.00,374915_01,5.5 6 6.5 7 7.5 8.5 9 9.5 10 10.5 11 11.5 12 12.5 13 13.5 14.5 15.5,18,9,446,4.04
Women,Suede Classic XXI Sneakers,75.00,374915_12,5.5 6 8.5 9 9.5 10 10.5 11 11.5 12 12.5 13 13.5 14.5 15.5,15,9,446,4.04
Women,Suede Classic XXI Sneakers,75.00,374915_02,5.5 6 6.5 7 7.5 8.5 9 9.5 10 10.5 11 11.5 12 12.5 13 13.5 14.5 15.5,18,9,446,4.04
Women,Suede Classic XXI Sneakers,75.00,374915_04,5.5 6 6.5 7 7.5 8.5 9 9.5 10 10.5 11 11.5 12 12.5 13 13.5 14.5 15.5,18,9,446,4.04
Women,Suede Classic XXI Sneakers,75.00,374915_07,5.5 6 6.5 7 7.5 8.5 9 9.5 10 10.5 11 11.5 12 12.5 13 13.5 14.5 15.5,18,9,446,4.04
Women,Suede Classic XXI Sneakers,75.00,374915_06,5.5 6 6.5 7 7.5 8.5 9 9.5 10 10.5 11 11.5 12 12.5 13 13.5 14.5 15.5,18,9,446,4.04
Women,PUMA x SWAROVSKI Suede Women's Sneakers,100.00,396352_02,5.5 6 6.5 7 7.5 8 8.5 9 9.5 10 10.5 11,12,1,0,0
Women,Cali Women's Sneakers,80.00,369155_04,5.5 6 6.5 7 7.5 8 8.5 9 9.5 10 10.5 11,12,2,167,4.075
Women,Suede Classic XXI Women's Sneakers,75.00,381410_01,5.5 6 6.5 7 7.5 8 8.5 9 9.5 10 10.5 11,12,6,170,4.165
Women,Mayze Women's Sneakers,90.00,381983_01,6 6.5 7 7.5 8 8.5 9 9.5 10 10.5 11,11,2,56,4.3
Women,Suede Classic XXI Sneakers,75.00,374915_05,5.5 6 6.5 7 7.5 8 8.5 9 9.5 10 10.5 11 11.5 12 12.5 13 13.5 14.5 15.5,19,9,446,4.04
Women,FENTY x PUMA AVANTI L Women's Sneakers,160.00,399262_02,5.5 6 6.5 7 7.5 8 8.5 9 9.5 10 10.5 11,12,2,50,4.27
Women,Mayze Classic Women's Sneakers,90.00,384209_01,5.5 6 6.5 7 7.5 8 8.5 9 9.5 10 10.5 11,12,2,31,3.215
Women,PUMA x SPARCO Future Cat OG Driving Shoes,100.00,307936_01,6 6.5 7 7.5 8 8.5 9 9.5 10 10.5 11 11.5 12 12.5 13 13.5 14.5 15.5,18,2,20,4.705
Women,PUMA x SPARCO Future Cat OG Driving Shoes,100.00,307936_02,5.5 6 6.5 7 7.5 8 8.5 9 9.5 10 10.5 11 11.5 12 12.5 13 13.5 15.5,18,2,20,4.705
Women,Speedcat Shield SD Driving Shoes,90.00,387272_05,5.5 6 6.5 7 7.5 8 8.5 9 9.5 10 10.5 11 11.5 12 12.5 13 13.5 15,18,2,69,4.67
Women,Palermo Women's Leather Sneakers,90.00,397647_01,6 6.5 7 7.5 8 8.5 9 9.5 10 10.5 11,11,2,19,0
Women,Cali Women's Sneakers,80.00,369155_01,5.5 6 6.5 7 7.5 8 8.5 9 9.5 10 10.5 11,12,2,168,4.075
Women,Cali Wedge Women's Sneakers,90.00,373438_01,5.5 6 6.5 7 7.5 8 8.5 9 9.5 10 10.5 11,12,2,107,4.655
Women,Suede Classic XXI Women's Sneakers,75.00,381410_02,5.5 6 6.5 7 7.5 8 8.5 9 9.5 10 10.5 11,12,6,170,4.165
Women,Speedcat Shield SD Driving Shoes,90.00,387272_04,5.5 6 6.5 7 7.5 8 8.5 9 9.5 10 10.5 11 11.5 12 12.5 13 13.5 15,18,2,69,4.67
Men,Forum Low x The Grinch Shoes,130,ID3512,M 6 / W 7 M 8 / W 9 M 8.5 / W 9.5 M 9 / W 10 M 9.5 / W 10.5 M 10 / W 11 M 10.5 / W 11.5 M 11 / W 12 M 11.5 / W 12.5 M 12 / W 13 M 12.5 / W 13.5 M 13 / W 14 M 14 / W 15,13,3,196,4.8
Men,Lite Racer Adapt 6.0 Shoes,70,IF7360,6.5 7 7.5 8 8.5 9 9.5 10 10.5 11 11.5 12 12.5 13 14,15,3,257,4.7
Men,X_PLRBOOST Shoes,160,HP3131,6.5 7 7.5 8 8.5 9 9.5 10 10.5 11 11.5 12 12.5 13 14,15,3,339,4.7
Men,Swift Run 1.0 Shoes,90,IE7476,6.5 7 7.5 8 8.5 9 9.5 10 10.5 11 11.5 12 12.5 13,14,3,407,4.5
Men,Pureboost 23 Running Shoes,140,IF1548,6 6.5 7 7.5 8 8.5 9 9.5 10 10.5 11 11.5 12 12.5 13 14,16,3,243,4.5
Men,Kaptir 3.0 Shoes,90,IF7317,6.5 7 7.5 8 8.5 9 9.5 10 10.5 11 11.5 12 12.5 13 14,15,3,294,4.7
Men,X_PLRBOOST Shoes,160,ID9436,6.5 7 7.5 8 8.5 9 9.5 10 10.5 11 11.5 12 13 14,14,3,336,4.7
Men,Swift Run Shoes,90,EE4442,4.5 6.5 7 7.5 8 8.5 9 9.5 10 10.5 11 11.5 12 12.5 13 14,16,3,2873,4.5
Men,Stan Smith Shoes,100,FX5502,5 5.5 6 6.5 7 7.5 8 8.5 9 9.5 10 10.5 11 11.5 12 12.5 13 14,18,3,638,4.6
Men,Pureboost 23 Running Shoes,140,IF4840,6 6.5 7 7.5 8 8.5 9 9.5 10 10.5 11 11.5 12 12.5 13 14,16,3,243,4.5
Men,Nora Shoes,80,IG5258,M 4 / W 5 M 4.5 / W 5.5 M 5 / W 6 M 5.5 / W 6.5 M 6 / W 7 M 6.5 / W 7.5 M 7 / W 8 M 7.5 / W 8.5 M 8 / W 9 M 8.5 / W 9.5 M 9 / W 10 M 9.5 / W 10.5 M 10 / W 11 M 10.5 / W 11.5 M 11 / W 12 M 11.5 / W 12.5 M 12 / W 13 M 12.5 / W 13.5 M 13 / W 14,19,3,94,4.3
Men,Samba Shoes,150,IG1242,M 3.5 / W 4.5 M 4 / W 5 M 4.5 / W 5.5 M 5 / W 6 M 5.5 / W 6.5 M 6 / W 7 M 6.5 / W 7.5 M 7 / W 8 M 7.5 / W 8.5 M 8 / W 9 M 8.5 / W 9.5 M 9 / W 10 M 9.5 / W 10.5 M 10 / W 11 M 10.5 / W 11.5 M 11 / W 12 M 12 / W 13 M 13 / W 14,18,3,95,4.6
Men,Ultraboost 1.0 Shoes,190,IF1912,6.5 7 7.5 8 8.5 9 9.5 10 10.5 11 11.5 12 12.5 13 14,15,3,2081,4.7
Men,Stan Smith Lux Shoes,120,HQ6787,M 4 / W 5 M 4.5 / W 5.5 M 5 / W 6 M 5.5 / W 6.5 M 6 / W 7 M 6.5 / W 7.5 M 7 / W 8 M 7.5 / W 8.5 M 8 / W 9 M 8.5 / W 9.5 M 9 / W 10 M 9.5 / W 10.5 M 10 / W 11 M 10.5 / W 11.5 M 11 / W 12 M 11.5 / W 12.5 M 12 / W 13 M 13 / W 14 M 14 / W 15,19,3,407,4.7
Men,Gazelle Indoor Shoes,150,IG4996,M 4 / W 5 M 4.5 / W 5.5 M 5 / W 6 M 5.5 / W 6.5 M 6 / W 7 M 6.5 / W 7.5 M 7 / W 8 M 7.5 / W 8.5 M 8 / W 9 M 8.5 / W 9.5 M 9 / W 10 M 9.5 / W 10.5 M 10 / W 11 M 10.5 / W 11.5 M 11 / W 12 M 11.5 / W 12.5 M 12 / W 13 M 12.5 / W 13.5 M 13 / W 14 M 14 / W 15,20,3,44,4.8
Men,TERREX FREE HIKER 2 C.RDY,260,ID4226,6 6.5 7 7.5 8 8.5 9 9.5 10 10.5 11 11.5 12 12.5 13,15,3,92,4.4
Men,Ultraboost 1.0 Shoes,190,ID9677,6.5 7 7.5 8 8.5 9 9.5 10 10.5 11 11.5 12 12.5 13 14,15,3,2081,4.7
Men,Adistar Cushion Shoes,150,IF6528,,0,3,70,4.8
Men,Samba Shoes,150,IG1243,M 3.5 / W 4.5 M 4 / W 5 M 4.5 / W 5.5 M 5 / W 6 M 5.5 / W 6.5 M 6 / W 7 M 6.5 / W 7.5 M 7 / W 8 M 7.5 / W 8.5 M 8 / W 9 M 8.5 / W 9.5 M 9 / W 10 M 9.5 / W 10.5 M 10 / W 11 M 10.5 / W 11.5 M 11 / W 12 M 11.5 / W 12.5 M 12 / W 13 M 12.5 / W 13.5 M 13 / W 14 M 14 / W 15,21,3,95,4.6
Men,Gazelle Shoes,100,BB5498,M 4 / W 5 M 4.5 / W 5.5 M 5 / W 6 M 5.5 / W 6.5 M 6 / W 7 M 6.5 / W 7.5 M 7 / W 8 M 7.5 / W 8.5 M 8 / W 9 M 8.5 / W 9.5 M 9 / W 10 M 9.5 / W 10.5 M 10 / W 11 M 10.5 / W 11.5 M 11 / W 12 M 11.5 / W 12.5 M 12 / W 13 M 12.5 / W 13.5 M 13 / W 14 M 14 / W 15,20,3,19906,4.8
Men,Lite Racer Adapt 4 Cloudfoam Lifestyle Running Slip-On Shoes,70,IG3572,6.5 7 7.5 8 8.5 9 9.5 10 10.5 11 11.5 12 12.5 13 14,15,3,477,4.6
Men,Adifom Climacool Shoes,120,IF3906,5 5.5 6 7 7.5 8 8.5 9 9.5 10 10.5 11 11.5 12 12.5 13,16,3,206,4.6
Men,Samba OG Shoes,100,IF6514,M 4 / W 5 M 4.5 / W 5.5 M 5 / W 6 M 5.5 / W 6.5 M 6 / W 7 M 6.5 / W 7.5 M 7 / W 8 M 7.5 / W 8.5 M 8 / W 9 M 8.5 / W 9.5,10,3,7477,4.7
Men,Samba Classic Shoes,90,772109,M 8 / W 9 M 8.5 / W 9.5 M 9 / W 10 M 9.5 / W 10.5 M 10 / W 11 M 10.5 / W 11.5 M 11 / W 12 M 11.5 / W 12.5 M 12 / W 13 M 12.5 / W 13.5 M 13 / W 14,11,3,1870,4.6
Men,Ultraboost 1.0 Shoes,190,IF5258,6.5 7 7.5 8 8.5 9 9.5 10 10.5 11 11.5 12 12.5 13 14,15,3,2081,4.7
Men,Duramo SL Running Shoes,70,ID9849,4 4.5 6.5 7 7.5 8 8.5 9 9.5 10 10.5 11 11.5 12 12.5 13 14,17,3,290,4.6
Men,Adilette 22 Slides,60,HQ4672,M 3 / W 4 M 4 / W 5 M 5 / W 6 M 6 / W 7 M 7 / W 8 M 8 / W 9 M 10 / W 11 M 13 / W 14,8,3,465,4.6
Men,Ultraboost 1.0 Shoes,190,ID9674,6.5 7 7.5 8 8.5 9 9.5 10 10.5 11 11.5 12 12.5 13 14,15,3,2081,4.7
Men,Forum 84 High Shoes,130,IE7202,5 5.5 6 6.5 7 8 8.5 9 9.5 10 10.5 11 11.5,13,3,251,4.8
Men,X_PLRBOOST Shoes,160,HP3147,6.5 7 7.5 8 8.5 9 9.5 10 10.5 11 11.5 12 12.5 13 14,15,3,336,4.7
Men,Pureboost 23 Running Shoes,140,IF8064,6 6.5 7 7.5 8 8.5 9 9.5 10 10.5 11 11.5 12 12.5 13 14,16,3,243,4.5
Men,Gazelle Indoor Shoes,150,IG4994,M 4 / W 5 M 4.5 / W 5.5 M 8.5 / W 9.5 M 9 / W 10 M 9.5 / W 10.5 M 10 / W 11 M 10.5 / W 11.5 M 11 / W 12 M 11.5 / W 12.5 M 12 / W 13 M 12.5 / W 13.5 M 13 / W 14 M 14 / W 15,13,3,44,4.8
Men,Busenitz Pro Shoes,85,G48060,M 4 / W 5 M 4.5 / W 5.5 M 5 / W 6 M 5.5 / W 6.5 M 6 / W 7 M 6.5 / W 7.5 M 7 / W 8 M 7.5 / W 8.5 M 8 / W 9 M 8.5 / W 9.5 M 9 / W 10 M 9.5 / W 10.5 M 10 / W 11 M 10.5 / W 11.5 M 11 / W 12 M 11.5 / W 12.5 M 12 / W 13 M 13 / W 14 M 14 / W 15,19,3,2729,4.6
Men,Gazelle ADV Shoes,100,FX6563,M 4 / W 5 M 4.5 / W 5.5 M 5 / W 6 M 5.5 / W 6.5 M 6 / W 7 M 6.5 / W 7.5 M 7 / W 8 M 7.5 / W 8.5 M 8 / W 9 M 8.5 / W 9.5 M 9 / W 10 M 9.5 / W 10.5 M 10 / W 11 M 10.5 / W 11.5 M 11 / W 12 M 11.5 / W 12.5 M 12 / W 13 M 12.5 / W 13.5 M 13 / W 14 M 14 / W 15,20,3,77,4.5
Men,Samba OG Shoes,100,IG1024,M 8.5 / W 9.5 M 9 / W 10 M 9.5 / W 10.5 M 10 / W 11 M 10.5 / W 11.5 M 11 / W 12 M 11.5 / W 12.5 M 12 / W 13 M 12.5 / W 13.5 M 13 / W 14 M 14 / W 15,11,3,7477,4.7
Men,OZMORPH Shoes,140,IE2025,5 6 7 7.5 8 8.5 9 9.5 10 10.5 11 11.5 12 13,14,3,95,4.3
Men,Ultraboost 1.0 Shoes,190,ID5879,6.5 7 7.5 8 8.5 9 9.5 10 10.5 11 11.5 12 12.5 13 14,15,3,2081,4.7
Men,Adicane Clogs,50,HQ9917,M 4 / W 5 M 5 / W 6 M 6 / W 7 M 7 / W 8 M 8 / W 9 M 9 / W 10 M 10 / W 11 M 11 / W 12 M 12 / W 13 M 13 / W 14,10,3,327,4.1
Men,Ultraboost Light Running Shoes New York Together,190,IG7953,M 6 / W 7 M 6.5 / W 7.5 M 7 / W 8 M 7.5 / W 8.5 M 8 / W 9 M 8.5 / W 9.5 M 9 / W 10 M 9.5 / W 10.5 M 10 / W 11 M 10.5 / W 11.5 M 11 / W 12 M 11.5 / W 12.5 M 12 / W 13 M 12.5 / W 13.5 M 13 / W 14 M 14 / W 15,16,3,1979,4.7
Men,Five Ten Trailcross LT Mountain Bike Shoes,140,IF4947,6 8 8.5 9 10 10.5 11 11.5 12 12.5 13,11,3,417,4.6
Men,Adilette Clogs,50,FY8970,M 4 / W 5 M 5 / W 6 M 6 / W 7 M 7 / W 8 M 8 / W 9 M 9 / W 10 M 10 / W 11 M 11 / W 12 M 12 / W 13 M 13 / W 14,10,3,4915,4.7
Men,Superstar XLG Shoes,110,IF9995,4 4.5 5 5.5 6 6.5 7 7.5 8 8.5 9 9.5 10 10.5 11 11.5 12 12.5 13 14,20,3,194,4.8
Women,Forum Low x The Grinch Shoes,130,ID3512,M 6 / W 7 M 8 / W 9 M 8.5 / W 9.5 M 9 / W 10 M 9.5 / W 10.5 M 10 / W 11 M 10.5 / W 11.5 M 11 / W 12 M 11.5 / W 12.5 M 12 / W 13 M 12.5 / W 13.5 M 13 / W 14 M 14 / W 15,13,3,196,4.8
Women,Cloudfoam Pure Shoes,75,IG2529,5 5.5 6 6.5 7 7.5 8 8.5 9 9.5 10 11,12,3,411,4.4
Women,Kaptir Flow Shoes,90,IF6599,5 5.5 6 6.5 7 7.5 8 8.5 9 9.5 10 10.5 11,13,3,144,4.6
Women,Superstar Shoes,100,EG4958,M 4 / W 5 M 4.5 / W 5.5 M 5 / W 6 M 6 / W 7 M 7 / W 8 M 7.5 / W 8.5 M 8 / W 9 M 8.5 / W 9.5 M 9 / W 10 M 9.5 / W 10.5 M 10 / W 11 M 10.5 / W 11.5 M 11 / W 12 M 11.5 / W 12.5 M 12 / W 13 M 12.5 / W 13.5 M 13 / W 14 M 14 / W 15 M 18 / W 19 M 19 / W 20,20,3,5027,4.8
Women,Adilette Comfort Slides,35,GZ5896,M 5 / W 6 M 6 / W 7 M 7 / W 8 M 8 / W 9 M 9 / W 10 M 10 / W 11 M 12 / W 13 M 13 / W 14 M 14 / W 15,9,3,11604,4.7
Women,Gazelle Shoes,100,ID7006,5 5.5 6 6.5 7 7.5 8 8.5 9 9.5 10 10.5 11,13,3,150,4.4
Women,Stan Smith Shoes,100,G58184,5 5.5 6 6.5 7 7.5 8 8.5 9 9.5 10 10.5 11,13,3,3029,4.6
Women,Samba Classic,90,034563,M 6.5 / W 7.5 M 7 / W 8 M 7.5 / W 8.5 M 8 / W 9 M 8.5 / W 9.5 M 9 / W 10 M 9.5 / W 10.5 M 10 / W 11 M 10.5 / W 11.5 M 11 / W 12 M 11.5 / W 12.5 M 12 / W 13 M 12.5 / W 13.5 M 13 / W 14 M 13.5 / W 14.5,15,3,1871,4.6
Women,Adicane Clogs,50,HQ9918,M 5 / W 6 M 6 / W 7 M 7 / W 8 M 8 / W 9 M 9 / W 10 M 10 / W 11 M 11 / W 12 M 12 / W 13 M 13 / W 14,9,3,327,4.1
Women,Campus 00s Shoes,110,ID7038,5 5.5 6 6.5 7 7.5 8 8.5 9 9.5 10 10.5 11,13,3,47,4.8
Women,Gazelle Bold Shoes,120,IE5130,5 5.5 6 6.5 7 7.5 8 8.5 9 9.5 10 10.5 11,13,3,425,4.6
Women,Swift Run 1.0 Shoes,90,IE7480,5 5.5 6 6.5 7 7.5 8 8.5 9 9.5 10 10.5 11,13,3,325,4.5
Women,Nora Shoes,80,IG5258,M 4 / W 5 M 4.5 / W 5.5 M 5 / W 6 M 5.5 / W 6.5 M 6 / W 7 M 6.5 / W 7.5 M 7 / W 8 M 7.5 / W 8.5 M 8 / W 9 M 8.5 / W 9.5 M 9 / W 10 M 9.5 / W 10.5 M 10 / W 11 M 10.5 / W 11.5 M 11 / W 12 M 11.5 / W 12.5 M 12 / W 13 M 12.5 / W 13.5 M 13 / W 14,19,3,94,4.3
Women,Bravada 2.0 Platform Shoes,70,ID5570,5 5.5 6 6.5 7 7.5 8 8.5 9 9.5 10 10.5 11,13,3,26,4.6
Women,Samba Shoes,150,IG1242,M 3.5 / W 4.5 M 4 / W 5 M 4.5 / W 5.5 M 5 / W 6 M 5.5 / W 6.5 M 6 / W 7 M 6.5 / W 7.5 M 7 / W 8 M 7.5 / W 8.5 M 8 / W 9 M 8.5 / W 9.5 M 9 / W 10 M 9.5 / W 10.5 M 10 / W 11 M 10.5 / W 11.5 M 11 / W 12 M 12 / W 13 M 13 / W 14,18,3,95,4.6
Women,TERREX SOULSTRIDE FLOW GTX W,170,IF5041,5 5.5 6 6.5 7 7.5 8 8.5 9 9.5 10 10.5 11,13,3,11,4.4
Women,Stan Smith Lux Shoes,120,HQ6787,M 4 / W 5 M 4.5 / W 5.5 M 5 / W 6 M 5.5 / W 6.5 M 6 / W 7 M 6.5 / W 7.5 M 7 / W 8 M 7.5 / W 8.5 M 8 / W 9 M 8.5 / W 9.5 M 9 / W 10 M 9.5 / W 10.5 M 10 / W 11 M 10.5 / W 11.5 M 11 / W 12 M 11.5 / W 12.5 M 12 / W 13 M 13 / W 14 M 14 / W 15,19,3,407,4.7
Women,Gazelle Indoor Shoes,150,IG4996,M 4 / W 5 M 4.5 / W 5.5 M 5 / W 6 M 5.5 / W 6.5 M 6 / W 7 M 6.5 / W 7.5 M 7 / W 8 M 7.5 / W 8.5 M 8 / W 9 M 8.5 / W 9.5 M 9 / W 10 M 9.5 / W 10.5 M 10 / W 11 M 10.5 / W 11.5 M 11 / W 12 M 11.5 / W 12.5 M 12 / W 13 M 12.5 / W 13.5 M 13 / W 14 M 14 / W 15,20,3,44,4.8
Women,OZWEEGO Shoes,120,IG4184,5 5.5 6 6.5 7 7.5 8 8.5 9 9.5 10 10.5 11,13,3,39,4.8
Women,Grand Court Alpha Cloudfoam Lifestyle Court Comfort Shoes,80,ID5288,5 5.5 6 6.5 7 7.5 8 8.5 9.5 10 10.5 11,12,3,13,5
Women,Cloudfoam Pure Shoes,75,IF3393,5 5.5 6 6.5 7 7.5 8 8.5 9 9.5,10,3,411,4.4
Women,Samba Shoes,150,IG1243,M 3.5 / W 4.5 M 4 / W 5 M 4.5 / W 5.5 M 5 / W 6 M 5.5 / W 6.5 M 6 / W 7 M 6.5 / W 7.5 M 7 / W 8 M 7.5 / W 8.5 M 8 / W 9 M 8.5 / W 9.5 M 9 / W 10 M 9.5 / W 10.5 M 10 / W 11 M 10.5 / W 11.5 M 11 / W 12 M 11.5 / W 12.5 M 12 / W 13 M 12.5 / W 13.5 M 13 / W 14 M 14 / W 15,21,3,95,4.6
Women,Gazelle Shoes,100,BB5498,M 4 / W 5 M 4.5 / W 5.5 M 5 / W 6 M 5.5 / W 6.5 M 6 / W 7 M 6.5 / W 7.5 M 7 / W 8 M 7.5 / W 8.5 M 8 / W 9 M 8.5 / W 9.5 M 9 / W 10 M 9.5 / W 10.5 M 10 / W 11 M 10.5 / W 11.5 M 11 / W 12 M 11.5 / W 12.5 M 12 / W 13 M 12.5 / W 13.5 M 13 / W 14 M 14 / W 15,20,3,19906,4.8
Women,Cloudfoam Pure Shoes,75,ID5636,5 5.5 6 6.5 7 7.5 8 8.5 9 9.5 10 11,12,3,408,4.4
Women's • Sportswear,Swift Run 1.0 Shoes,90,IE7477,5 5.5 6 6.5 7 7.5 8 8.5 9 9.5 10 10.5 11,13,3,325,4.5
Originals,Samba OG Shoes,100,IF6514,M 4 / W 5 M 4.5 / W 5.5 M 5 / W 6 M 5.5 / W 6.5 M 6 / W 7 M 6.5 / W 7.5 M 7 / W 8 M 7.5 / W 8.5 M 8 / W 9 M 8.5 / W 9.5,10,3,7477,4.7
Originals,Adilette 22 Slides,60,HQ4672,M 4 / W 5 M 5 / W 6 M 6 / W 7 M 7 / W 8 M 8 / W 9 M 10 / W 11 M 13 / W 14,7,3,465,4.6
Women's • Originals,Adifom Stan Smith Mule Shoes,70,IE7050,5 6 7 8 9 10,6,3,565,4.6
Women's • Sportswear,Puremotion Adapt Shoes,70,IG3879,5 5.5 6 6.5 7 7.5 8 8.5 9 9.5 10 10.5 11,13,3,357,4.4
Women's • Originals,NMD_W1 Shoes,160,IE8211,5 5.5 6 6.5 7 7.5 8 8.5 9 9.5 10 10.5 11,13,3,278,4.6
Women's • Running,Pureboost 23 Running Shoes,140,IF1538,5 5.5 6 6.5 7 7.5 8 8.5 9 9.5 10 10.5 11,13,3,3,5
Originals,Busenitz Pro Shoes,85,G48060,M 4 / W 5 M 4.5 / W 5.5 M 5 / W 6 M 5.5 / W 6.5 M 6 / W 7 M 6.5 / W 7.5 M 7 / W 8 M 7.5 / W 8.5 M 8 / W 9 M 8.5 / W 9.5 M 9 / W 10 M 9.5 / W 10.5 M 10 / W 11 M 10.5 / W 11.5 M 11 / W 12 M 11.5 / W 12.5 M 12 / W 13 M 13 / W 14 M 14 / W 15,19,3,2729,4.6
Originals,Gazelle ADV Shoes,100,FX6563,M 4 / W 5 M 4.5 / W 5.5 M 5 / W 6 M 5.5 / W 6.5 M 6 / W 7 M 6.5 / W 7.5 M 7 / W 8 M 7.5 / W 8.5 M 8 / W 9 M 8.5 / W 9.5 M 9 / W 10 M 9.5 / W 10.5 M 10 / W 11 M 10.5 / W 11.5 M 11 / W 12 M 11.5 / W 12.5 M 12 / W 13 M 12.5 / W 13.5 M 13 / W 14 M 14 / W 15,20,3,77,4.5
Women's • Sportswear,Ultraboost 1.0 Shoes,190,ID9639,5 5.5 6 6.5 7 7.5 8 8.5 9 9.5 10 10.5 11,13,3,29,4.4
Women's • Originals,NMD_W1 Shoes,160,IE5465,5 5.5 6 6.5 7 7.5 8 8.5 9 9.5 10 10.5 11,13,3,278,4.6
Women's • Sportswear,Ultraboost 1.0 Shoes,190,IF5268,5 5.5 6 6.5 7 7.5 8 8.5 9 9.5 10 10.5 11,13,3,491,4.6
Originals,Samba OG Shoes,100,IG1024,M 8.5 / W 9.5 M 9 / W 10 M 9.5 / W 10.5 M 10 / W 11 M 10.5 / W 11.5 M 11 / W 12 M 11.5 / W 12.5 M 12 / W 13 M 12.5 / W 13.5 M 13 / W 14 M 14 / W 15,11,3,7477,4.7
Women's • Running,Runfalcon 3 Running Shoes,65,HP7556,5 5.5 6 6.5 7 7.5 8 8.5 9 9.5 10 10.5,12,3,796,4.5
Originals,NMD_R1 Shoes,130,GZ9261,M 4 / W 5 M 5 / W 6 M 5.5 / W 6.5 M 6 / W 7 M 6.5 / W 7.5 M 7 / W 8 M 7.5 / W 8.5 M 8 / W 9 M 8.5 / W 9.5 M 11.5 / W 12.5 M 12.5 / W 13.5 M 13 / W 14 M 14 / W 15,13,3,5585,4.6
Women's • Originals,Superstar Shoes,110,IF7615,5 5.5 6 6.5 7 7.5 8 8.5 9 9.5 10 10.5 11,13,3,11303,4.7
Sportswear,Adicane Clogs,50,HQ9917,M 4 / W 5 M 5 / W 6 M 6 / W 7 M 7 / W 8 M 8 / W 9 M 9 / W 10 M 10 / W 11 M 11 / W 12 M 12 / W 13 M 13 / W 14,10,3,327,4.1
Running,Ultraboost Light Running Shoes New York Together,190,IG7953,M 6 / W 7 M 6.5 / W 7.5 M 7 / W 8 M 7.5 / W 8.5 M 8 / W 9 M 8.5 / W 9.5 M 9 / W 10 M 9.5 / W 10.5 M 10 / W 11 M 10.5 / W 11.5 M 11 / W 12 M 11.5 / W 12.5 M 12 / W 13 M 12.5 / W 13.5 M 13 / W 14 M 14 / W 15,16,3,1977,4.7
Swim,Adilette Clogs,50,FY8970,M 4 / W 5 M 5 / W 6 M 6 / W 7 M 7 / W 8 M 8 / W 9 M 9 / W 10 M 10 / W 11 M 11 / W 12 M 12 / W 13 M 13 / W 14,10,3,4915,4.7
Women's • adidas by Stella McCartney,adidas by Stella McCartney Ultraboost 20 Shoes,230,ID0273,5 5.5 6 6.5 7 7.5 8 8.5 9 9.5 10 10.5,12,3,96,4.5
Women's • TERREX,TERREX Swift R3 GORE-TEX Hiking Shoes,160,IF2403,5 5.5 6 6.5 7 7.5 8 8.5 9 10 11,11,3,243,4.4
Women's • Originals,AdiFOM SST Boot Shoes,110,IE4613,5.5 6.5 7.5 8.5,4,3,200,4.8
Women's • Originals,Superstar XLG Shoes,110,IE7377,5 5.5 6 6.5 7 7.5 8 8.5 9 9.5 10 10.5 11,13,3,40,4.7
Soccer,Samba Classic Shoes,90,772109,M 8 / W 9 M 8.5 / W 9.5 M 9 / W 10 M 9.5 / W 10.5 M 10 / W 11 M 10.5 / W 11.5 M 11 / W 12 M 11.5 / W 12.5 M 12 / W 13 M 12.5 / W 13.5 M 13 / W 14,11,3,1871,4.6
