Category,ShoeName,Price,No of Color,productcode
Men,Skechers Slip-ins: Max Cushioning AF - Fortuitous,"
120.00
",3,220952
Men,Skechers Slip-ins: Max Cushioning AF - Game,"
120.00
",4,220347
Men,Skechers Slip-ins: Max Cushioning Premier 2.0,"
110.00
",1,220839
Men,Skechers Slip-ins: Max Cushioning Premier,"
110.00
",4,220313
Men,Skechers Slip-ins: Max Cushioning - Advantageous,"
110.00
",3,220389
Men,Skechers Slip-ins: GR Swirl Tech Speed - Surpass,"
125.00
",2,220909
Men,Skechers Slip-ins: Arch Fit 2.0 - Look Ahead,"
105.00
",4,232462
Men,Skechers Slip-ins: Arch Fit 2.0 - Grand Select 2,"
100.00
",2,216601
Men,Skechers Slip-ins: GO WALK Arch Fit - Simplicity,"
100.00
",1,216258
Men,Skechers Slip-ins: GO WALK Arch Fit - Hands Free,"
100.00
",1,216259
Men,Skechers Slip-ins: Arch Fit 2.0 - Simplicity 2,"
100.00
",1,216602
Men,Skechers Slip-ins: GO WALK AF 2.0 - Hands Free 2,"
95.00
",2,216600
Men,Skechers Slip-ins RF: Slade - Ocon,"
80.00
",2,210811
Men,Skechers Slip-ins RF: Garner - Newick,"
80.00
",2,210803
Men,Skechers Slip-ins Relaxed Fit: Parson - Oswin,"
95.00
",1,204866
Men,Skechers Slip-ins RF: Respected - Elgin,"
100.00
",1,204810
Men,Skechers Slip-ins RF: Craster - Lanigan,"
100.00
",1,204847
Men,Skechers Slip-ins RF: Knowlson - Shore Thing,"
100.00
",2,205188
Men,Skechers Slip-ins Relaxed Fit: Knowlson - Kantel,"
95.00
",1,205073
Men,Skechers Slip-ins MN: Casual Glide Cell - Garret,"
125.00
",2,205082
Men,Skechers Slip-ins MN: Casual Glide Cell - Gable,"
125.00
",1,205074
Men,Skechers Slip-ins MN: Casual Glide Cell - Abbott,"
125.00
",3,205059
Men,Skechers Slip-ins MN: Casual Glide Cell - Waylen,"
115.00
",2,205056
Men,Skechers Slip-ins: Delson 3.0 - Roth,"
85.00
",4,210606
Women,Premium Leather Slip-ins Snoop One - OG,"
125.00
",1,186001
Women,Skechers Slip-ins: Bobs Sport Squad Chaos,"
70.00
",3,117500
Women,Skechers Slip-ins: Bobs Sport Squad Chaos,"
70.00
",2,117504
Women,Skechers Slip-ins: Ultra Flex 3.0 - Brilliant,"
90.00
",4,149710
Women,Skechers Slip-ins: Ultra Flex 3.0,"
95.00
",1,150174
Women,Skechers Slip-ins: Ultra Flex 3.0 - New Energy,"
90.00
",1,150182
Women,Skechers Slip-ins: Ultra Flex 3.0 - Smooth Step,"
90.00
",4,149709
Women,Skechers Slip-ins: Ultra Flex 3.0 - Cozy Streak,"
90.00
",2,149708
Women,Martha Stewart x Skechers Slip-ins: Ultra Flex 3,"
90.00
",4,149808
Women,Skechers Slip-ins: Summits - Dazzling Haze,"
75.00
",3,149937
Women,Skechers Slip-ins: Summits - Diamond Dream,"
75.00
",1,150123
Women,Martha Stewart Skechers Slip-ins: Ultra Flex 3.0,"
90.00
",2,158911
Women,Skechers Slip-ins: GO WALK Flex - Relish,"
75.00
",4,124963
Women,Skechers Slip-ins: GO WALK Flex - Dacey,"
75.00
",1,124835
Women,Skechers Slip-ins: GO WALK Flex - Grand Entry,"
75.00
",5,124836
Women,Skechers Slip-ins: GO WALK 7 - Daley,"
85.00
",2,125228
Women,Skechers Slip-ins: GO WALK 7 - City Lights,"
95.00
",2,125222
Women,Skechers Slip-ins: GO WALK 7 - Springtime,"
95.00
",2,125219
Women,GO WALK 7 - Razi,"
80.00
",3,125209
Women,GO WALK 7 - Blink,"
90.00
",2,125234
Women,Skechers Slip-ins: GO WALK 6 - Valentina,"
95.00
",1,124566
Women,Skechers Slip-ins: GO WALK 6 - Fabulous View,"
95.00
",2,124569
Women,Skechers Slip-ins: GO WALK 6 - Lovely Day,"
95.00
",1,124568
Women,Skechers Slip-ins: GO WALK Travel - Tahiti Sunset,"
80.00
",1,124799
Men,Nike Air Force 1 '07, 11 495.00,4,FZ5052-131
Men,NikeCourt Legacy Suede, 5 995.00,4,DH0956-002
Men,Nike Air Force 1 '07, 7 495.00,2,CW2288-111
Men,Jordan Stadium 90, 12 795.00,3,HF5258-102
Men,Nike Blazer Low '77 Vintage, 7 195.00,5,DA6364-110
Men,Nike Waffle Debut, 7 095.00,2,FJ4195-100
Men,Nike Killshot 2 Leather, 7 995.00,5,432997-111
Men,Nike SB Force 58 Premium, 7 095.00,3,DH7505-101
Men,Nike Air Force 1 '07 LV8, 10 795.00,4,FJ4170-002
Men,Nike Air Max 90 GORE-TEX, 14 995.00,4,FD5810-002
Men,Nike Air Force 1 '07, 11 895.00,2,FZ4627-400
Men,Nike Air Max Excee, 8 695.00,3,FQ8738-010
Men,Nike Air Huarache Runner, 12 795.00,6,DZ3306-400
Men,Nike SB Zoom Blazer Low Pro GT, 6 795.00,4,DC7695-403
Men,Nike Air Max 270, 13 995.00,8,AH8050-107
Men,Nike Air Max 90, 11 895.00,2,FB9658-400
Men,Air Jordan Legacy 312 Low, 12 995.00,6,CD7069-106
Men,Air Jordan 1 Mid, 11 495.00,7,DQ8426-006
Men,Nike Court Vision Low, 4 995.00,2,CD5463-102
Men,Nike Court Vision Low, 5 695.00,4,FQ8075-133
Men,Nike Dunk Low,Discounted from 8 695.00,4,FQ8080-133
Men,Nike Court Vision Low Next Nature, 4 995.00,7,DH2987-001
Men,Nike Revolution 7,Discounted from 3 695.00,4,FB8501-100
Men,Jumpman MVP,Discounted from 15 295.00,2,DZ4475-041
Women,Nike Air Force 1 '07 EasyOn, 9 695.00,3,DX5883-100
Women,Nike Air Force 1 '07, 8 195.00,7,DD8959-600
Women,Nike Air Force 1 Shadow, 11 895.00,2,DZ1847-104
Women,Nike Air Force 1 '07 LX, 11 895.00,4,FZ5066-111
Women,Nike Air Force 1 Shadow, 9 295.00,4,DO7449-111
Women,NikeCourt Legacy Next Nature, 5 695.00,6,DH3161-108
Women,Nike Blazer Low Platform, 8 195.00,5,DJ0292-113
Women,Nike Air Force 1 '07, 9 695.00,3,FZ3597-133
Women,Nike Killshot 2, 8 595.00,2,FZ5630-102
Women,Nike Air Max 90, 11 895.00,4,FZ5163-133
Women,Nike Air Force 1 '07 EasyOn, 9 695.00,3,DX5883-100
Women,Nike Air Force 1 '07, 8 195.00,7,DD8959-600
Women,Nike Air Force 1 Shadow, 11 895.00,2,DZ1847-104
Women,Nike Air Force 1 '07 LX, 11 895.00,4,FZ5066-111
Women,Nike Air Force 1 Shadow, 9 295.00,4,DO7449-111
Women,NikeCourt Legacy Next Nature, 5 695.00,6,DH3161-108
Women,Nike Blazer Low Platform, 8 195.00,5,DJ0292-113
Women,Nike Air Force 1 '07, 9 695.00,3,FZ3597-133
Women,Nike Killshot 2, 8 595.00,2,FZ5630-102
Women,Nike Air Max 90, 11 895.00,4,FZ5163-133
Women,Nike Air Max Plus, 15 995.00,4,DZ3670-001
Women,Nike Cortez, 7 495.00,5,DN1791-105
Women,Nike Air Max SYSTM, 8 595.00,5,DZ1637-103
Women,Nike Air Force 1 '07 NN, 9 695.00,2,DV3808-001
Men,MELO x DEXTER'S LAB MB.03 Men's Basketball Shoes,135,1,379330_01
Men,Suede Classic XXI Sneakers,75,9,374915_01
Men,Suede Classic XXI Sneakers,75,9,374915_02
Men,Suede Classic XXI Sneakers,75,9,374915_12
Men,Suede Classic XXI Sneakers,75,9,374915_04
Men,Suede Classic XXI Sneakers,75,9,374915_07
Men,Suede Classic XXI Sneakers,75,9,374915_06
Men,PUMA x LAMELO BALL MB.01 Lo Men's Basketball Shoes,115,3,376941_07
Men,Scoot Zeros Georgia Peach Men's Basketball Shoes,100,1,379908_07
Men,Suede Classic XXI Sneakers,75,9,374915_05
Men,Classics French Terry Logo Men's Hoodie,60,3,670846_11
Men,Classics French Terry Logo Men's Hoodie,60,3,670846_03
Men,Classics French Terry Logo Men's Hoodie,60,3,670846_01
Men,FENTY x PUMA Creeper Phatty Men's Sneakers,140,3,396403_01
Men,Chivas Men's Soccer '24 Alternative Kit Jersey,140,1,705977_01
Men,Classics Logo Men's Tee,30,6,533253_02
Men,PUMA x SPARCO Future Cat OG Driving Shoes,100,2,307936_01
Men,Chivas Men's Soccer '24 Alternative Kit Replica Jersey,95,1,763519_01
Men,Classics Logo Men's Tee,30,6,533253_01
Men,FENTY x PUMA Creeper Phatty Men's Sneakers,140,3,396403_03
Men,SCUDERIA FERRARI x JOSHUA VIDES Suede Men's Sneakers,100,1,307999_01
Men,FENTY x PUMA Creeper Phatty Men's Sneakers,140,3,396403_02
Men,Borussia Dortmund 23/24 Away Men's Jersey,95,1,770612_02
Men,Basket Classic XXI Men's Sneakers,75,5,374923_01
Women,Suede Classic XXI Sneakers,75,9,374915_02
Women,Speedcat OG + Sparco Driving Shoes,100,4,307171_04
Women,Speedcat Shield SD Driving Shoes,90,2,387272_05
Women,Cali Wedge Women's Sneakers,90,2,373438_01
Women,FENTY x PUMA Creeper Phatty Women's Sneakers,140,3,399332_01
Women,FENTY x PUMA Creeper Phatty Women's Sneakers,140,3,399332_03
Women,FENTY x PUMA Creeper Phatty Women's Sneakers,140,3,399332_02
Women,Suede Classic XXI Sneakers,75,9,374915_01
Women,Suede Classic XXI Sneakers,75,9,374915_12
Women,Suede Classic XXI Sneakers,75,9,374915_02
Women,Suede Classic XXI Sneakers,75,9,374915_04
Women,Suede Classic XXI Sneakers,75,9,374915_07
Women,Suede Classic XXI Sneakers,75,9,374915_06
Women,PUMA x SWAROVSKI Suede Women's Sneakers,100,1,396352_02
Women,Cali Women's Sneakers,80,2,369155_04
Women,Suede Classic XXI Women's Sneakers,75,6,381410_01
Women,Mayze Women's Sneakers,90,2,381983_01
Women,Suede Classic XXI Sneakers,75,9,374915_05
Women,FENTY x PUMA AVANTI L Women's Sneakers,160,2,399262_02
Women,Mayze Classic Women's Sneakers,90,2,384209_01
Women,PUMA x SPARCO Future Cat OG Driving Shoes,100,2,307936_01
Women,PUMA x SPARCO Future Cat OG Driving Shoes,100,2,307936_02
Women,Speedcat Shield SD Driving Shoes,90,2,387272_05
Women,Palermo Women's Leather Sneakers,90,2,397647_01
Women,Cali Women's Sneakers,80,2,369155_01
Women,Cali Wedge Women's Sneakers,90,2,373438_01
Women,Suede Classic XXI Women's Sneakers,75,6,381410_02
Women,Speedcat Shield SD Driving Shoes,90,2,387272_04
Men,Forum Low x The Grinch Shoes,130,3,ID3512
Men,Lite Racer Adapt 6.0 Shoes,70,3,IF7360
Men,X_PLRBOOST Shoes,160,3,HP3131
Men,Swift Run 1.0 Shoes,90,3,IE7476
Men,Pureboost 23 Running Shoes,140,3,IF1548
Men,Kaptir 3.0 Shoes,90,3,IF7317
Men,X_PLRBOOST Shoes,160,3,ID9436
Men,Swift Run Shoes,90,3,EE4442
Men,Stan Smith Shoes,100,3,FX5502
Men,Pureboost 23 Running Shoes,140,3,IF4840
Men,Nora Shoes,80,3,IG5258
Men,Samba Shoes,150,3,IG1242
Men,Ultraboost 1.0 Shoes,190,3,IF1912
Men,Stan Smith Lux Shoes,120,3,HQ6787
Men,Gazelle Indoor Shoes,150,3,IG4996
Men,TERREX FREE HIKER 2 C.RDY,260,3,ID4226
Men,Ultraboost 1.0 Shoes,190,3,ID9677
Men,Adistar Cushion Shoes,150,3,IF6528
Men,Samba Shoes,150,3,IG1243
Men,Gazelle Shoes,100,3,BB5498
Men,Lite Racer Adapt 4 Cloudfoam Lifestyle Running Slip-On Shoes,70,3,IG3572
Men,Adifom Climacool Shoes,120,3,IF3906
Men,Samba OG Shoes,100,3,IF6514
Men,Samba Classic Shoes,90,3,772109
Men,Ultraboost 1.0 Shoes,190,3,IF5258
Men,Duramo SL Running Shoes,70,3,ID9849
Men,Adilette 22 Slides,60,3,HQ4672
Men,Ultraboost 1.0 Shoes,190,3,ID9674
Men,Forum 84 High Shoes,130,3,IE7202
Men,X_PLRBOOST Shoes,160,3,HP3147
Men,Pureboost 23 Running Shoes,140,3,IF8064
Men,Gazelle Indoor Shoes,150,3,IG4994
Men,Busenitz Pro Shoes,85,3,G48060
Men,Gazelle ADV Shoes,100,3,FX6563
Men,Samba OG Shoes,100,3,IG1024
Men,OZMORPH Shoes,140,3,IE2025
Men,Ultraboost 1.0 Shoes,190,3,ID5879
Men,Adicane Clogs,50,3,HQ9917
Men,Ultraboost Light Running Shoes New York Together,190,3,IG7953
Men,Five Ten Trailcross LT Mountain Bike Shoes,140,3,IF4947
Men,Adilette Clogs,50,3,FY8970
Men,Superstar XLG Shoes,110,3,IF9995
Women,Forum Low x The Grinch Shoes,130,3,ID3512
Women,Cloudfoam Pure Shoes,75,3,IG2529
Women,Kaptir Flow Shoes,90,3,IF6599
Women,Superstar Shoes,100,3,EG4958
Women,Adilette Comfort Slides,35,3,GZ5896
Women,Gazelle Shoes,100,3,ID7006
Women,Stan Smith Shoes,100,3,G58184
Women,Samba Classic,90,3,034563
Women,Adicane Clogs,50,3,HQ9918
Women,Campus 00s Shoes,110,3,ID7038
Women,Gazelle Bold Shoes,120,3,IE5130
Women,Swift Run 1.0 Shoes,90,3,IE7480
Women,Nora Shoes,80,3,IG5258
Women,Bravada 2.0 Platform Shoes,70,3,ID5570
Women,Samba Shoes,150,3,IG1242
Women,TERREX SOULSTRIDE FLOW GTX W,170,3,IF5041
Women,Stan Smith Lux Shoes,120,3,HQ6787
Women,Gazelle Indoor Shoes,150,3,IG4996
Women,OZWEEGO Shoes,120,3,IG4184
Women,Grand Court Alpha Cloudfoam Lifestyle Court Comfort Shoes,80,3,ID5288
Women,Cloudfoam Pure Shoes,75,3,IF3393
Women,Samba Shoes,150,3,IG1243
Women,Gazelle Shoes,100,3,BB5498
Women,Cloudfoam Pure Shoes,75,3,ID5636
Women's • Sportswear,Swift Run 1.0 Shoes,90,3,IE7477
Originals,Samba OG Shoes,100,3,IF6514
Originals,Adilette 22 Slides,60,3,HQ4672
Women's • Originals,Adifom Stan Smith Mule Shoes,70,3,IE7050
Women's • Sportswear,Puremotion Adapt Shoes,70,3,IG3879
Women's • Originals,NMD_W1 Shoes,160,3,IE8211
Women's • Running,Pureboost 23 Running Shoes,140,3,IF1538
Originals,Busenitz Pro Shoes,85,3,G48060
Originals,Gazelle ADV Shoes,100,3,FX6563
Women's • Sportswear,Ultraboost 1.0 Shoes,190,3,ID9639
Women's • Originals,NMD_W1 Shoes,160,3,IE5465
Women's • Sportswear,Ultraboost 1.0 Shoes,190,3,IF5268
Originals,Samba OG Shoes,100,3,IG1024
Women's • Running,Runfalcon 3 Running Shoes,65,3,HP7556
Originals,NMD_R1 Shoes,130,3,GZ9261
Women's • Originals,Superstar Shoes,110,3,IF7615
Sportswear,Adicane Clogs,50,3,HQ9917
Running,Ultraboost Light Running Shoes New York Together,190,3,IG7953
Swim,Adilette Clogs,50,3,FY8970
Women's • adidas by Stella McCartney,adidas by Stella McCartney Ultraboost 20 Shoes,230,3,ID0273
Women's • TERREX,TERREX Swift R3 GORE-TEX Hiking Shoes,160,3,IF2403
Women's • Originals,AdiFOM SST Boot Shoes,110,3,IE4613
Women's • Originals,Superstar XLG Shoes,110,3,IE7377
Soccer,Samba Classic Shoes,90,3,772109
